sentence,word_pair,POS_word1,POS_word2
הרווקות נגמרת בשעת החתונה,חתונה:רווקות,NOUN,NOUN
אדם שהלם בדבר מה הוא אדם שהקיש בדבר מה בחוזקה,הקיש:הלם,VERB,VERB
לקצוב פירושו לקבוע מידה מסוימת של זמן,לקצוב:זמן,UNDEFINED,NOUN
מה ששצף ביצע את הפעולה של לזרום בכוח,לזרום:שצף,VERB,VERB
שבע רצון הוא אדם שחש סיפוק,שבע רצון:סיפוק,PHRASE,NOUN
מאסף נמצא בסוף השיירה,שיירה:מְאסף,NOUN,UNDEFINED
שכתוב היא פעולה שעשה מי שכתב מחדש,כָּתַב:שכתוב,UNDEFINED,NOUN
נושה הוא מי שיש אדם אחר שהוא החייב (בעל חוב) שלו,נושה:חייב,NOUN,NOUN
לדוג פירשו לאסוף דג מהמים,לדוג:דג,VERB,NOUN
מיתרים מחוברים לגוף הכינור,כינור:מיתרים,NOUN,NOUN
.חייב הוא אדם שיש לו חוב,חייב:חוב,NOUN,NOUN
מסעד מאפשר לאדם להיות שעון,מסעד:שעון,NOUN,ADJECTIVE
מי שהפתיע עשה דבר מה לא צפוי,הפתיע:צפוי,VERB,ADJECTIVE
דמיוני הוא מה שאין בו ממש,דמיוני:ממש,ADJECTIVE,OTHER
דיוקן הוא תוצר עבודתו של הצייר,צַייר:דיוקן,UNDEFINED,NOUN
אצעדה היא סוג של תכשיט,אצעדה:תכשיט,NOUN,NOUN
הדרן הוא קטע הופעה נוסף שהאומן מצבע לאחר סוף המופע,מופע:הדרן,NOUN,NOUN
משט מורכב ממספר אניות,משט:אנייה,NOUN,UNDEFINED
אח הוא סוג של שאר (קרוב משפחה),אח:שאֵר,NOUN,UNDEFINED
ססגוני הוא מה שמאופיין בצבעים רבים ומגוונים,ססגוני:צבע,ADJECTIVE,NOUN
אדם שבייש אדם אחר גרם לו להרגיש נכלם,נכלם:בייש,ADJECTIVE,VERB
הכביר הוא מי שביצע פעולה הפוכה מלהמעיט,הכביר:להמעיט,UNDEFINED,VERB
כדי להוציא דבר מה ממצב של משכון יש לפדות אותו,משכוֹן:לפדות,UNDEFINED,VERB
אחד מסוגי הצבע הוא שני,צבע:שני,NOUN,NOUN
אדם שפקו ברכיו הוא אדם שמישהו הפחיד אותו,הפחיד:פקו ברכיו,VERB,UNDEFINED
ניתן להונות בקלות אדם המתאפיין בתמימות,תמימות:להונות,NOUN,VERB
קצר רוח הוא מי שרוצה דבר מה מיד,קצר רוח:מיד,PHRASE,OTHER
נגיש הוא תיאור לדבר שקל להגיע אליו,נגיש:להגיע,ADJECTIVE,VERB
דבר מהנה הוא דבר שגורם לתחושת הנאה,מהנה:הנאה,ADJECTIVE,NOUN
עצם לוהט הוא מאוד חם,חם:לוהט,ADJECTIVE,ADJECTIVE
הסתלק הוא מי שסילק את עצמו,הסתלק:סילק,VERB,VERB
מסגרת היא מבנה חיצוני אשר נועד להחזיק את עדשות המשקפיים,מסגרת:עדשות,NOUN,NOUN
סיקל הוא מי שסילק אבן שהפריעה לו מהשטח,סיקל:אבן,VERB,NOUN
לקבול משמעו לטעון כי משהו אינו כשורה,לקבול:כשורה,VERB,ADJECTIVE
בכבל חשמל עובר חשמל,חשמל:כבל חשמל,NOUN,UNDEFINED
לא ייתכן שמישהו כילה דבר בלתי נדלה,בלתי נדלה:כילה,PHRASE,VERB
אם מישהו דומה לו זה אומר שיש ביניהם דמיון,דומה לו:דמיון,PHRASE,NOUN
מי שהתבשר קיבל בשורה,התבשר:בשורה,VERB,NOUN
דבר לולייני הוא דבר שצורתו היא צורת סליל,לולייני:סליל,ADJECTIVE,NOUN
משוער הוא משהו שהוא לא ודאי,משוער:ודאי,OTHER,ADJECTIVE
איש אשכולות הוא כינוי לאדם שיש לו ידע בתחומים רבים מגוונים,ידע:איש אשכולות,NOUN,PHRASE
בגד מייצרים מהצמר אשר נאסף בגז,בגד:גֵּז,NOUN,UNDEFINED
אגל היא יחידה אחת של טל,טל:אגל,NOUN,NOUN
קבוע וארעי (זמני) הן מילים שמשמעותן הפוכה,קבוע:ארעי,ADJECTIVE,ADJECTIVE
אבוס הוא מתקן המשמש בעלי חיים לאכילה ושוקת היא כלי המשמש אותם לשתייה,אבוס:שוקת,NOUN,NOUN
זניח הוא דבר שאין צורך להביא בחשבון,זניח:להביא בחשבון,ADJECTIVE,PHRASE
"מי ששואל ""היכן?"" עושה זאת על מנת למצוא משהו",היכן?:למצוא,NOUN,VERB
סימפוניה היא סוג של יצירה מוזיקלית,סימפוניה:יצירה מוזיקלית,NOUN,PHRASE
התבקש הוא מי שאדם אחר ביקש ממנו לעשות דבר מה,התבקש:ביקש,VERB,VERB
לחבר פירושו לגרום להפך מנתק,לחבר:נֶתֶק,UNDEFINED,UNDEFINED
לקלף זה להסיר את הקליפה מדבר מה,לקלף:קליפה,VERB,NOUN
ברזל הוא חומר הגלם שאיתו עובד הנפח,נפח:ברזל,NOUN,NOUN
להתכלות פירשו לעבור תהליך של התכלות אשר בסופו העובר אותו חדל מלהיות קיים,להתכלות:קיים,UNDEFINED,VERB
אדם שדידה הוא אדם שהלך עם מגבלה,דידה:הלך,VERB,VERB
מה שנעשה בריש גלי (בגלוי) אינו נעשה בחשאי,בריש גלי:בחשאי,UNDEFINED,OTHER
אם למישהו חש כמיהה לדבר מה משמעות הדבר כי הוא רוצה אותו מאוד,כמיהה:רוצה,NOUN,VERB
אם אני מכיר מישהו אז הוא מוכר עבורי,מכיר:מוכר,VERB,VERB
ניתן להגיש בעזרת טס,להגיש:טס,VERB,NOUN
"""שור!"" (""התבונן!"") הוא ציווי שגרם לכך שמישהו הביט","""שור!"":הביט",NOUN,VERB
קמין הוא סוג של תנור,קמין:תנור,NOUN,NOUN
העוגן יכול למנוע את הפעולה שהמשוט יוצר,משוט:עוגן,NOUN,NOUN
אדווה (גלים קטנים החולפים על פני מים שקטים) היא גל קטן נחשול הוא גל גדול.,אדווה:נחשול,NOUN,NOUN
מי שרוצה לפסק דבר מה צריך להשתמש בסימני פיסוק,לפסק:סימני פיסוק,UNDEFINED,UNDEFINED
אם למשהו יש מחיר גבוה אז הוא יקר,מחיר:יקר,NOUN,ADJECTIVE
המילה אז היא תשובה אפשרית לשאלה: מתי?,מתי?:אז,NOUN,OTHER
כאשר עושים משהו היטב משמעות הדבר כי הוא נעשה באופן טוב,טוֹב:היטב.,UNDEFINED,UNDEFINED
נקלע הוא מי שהגיע למקום מסוים במקרה כלומר בלי כוונה,נקלע:הגיע,NOUN,VERB
.מי שביצע המלכה הכתיר מישהו אחר וגרם לו להפוך למלך,המְלכה:מלך,UNDEFINED,NOUN
שאיפה היא הכנסה של אוויר,שאיפה:אוויר,NOUN,NOUN
מה שניצת התחיל לבעור,ניצת:לבעור,VERB,VERB
קמח הוא התוצר הרצוי של פעולת הריחיים,ריחיים:קמח,NOUN,NOUN
אדם שביצע את הפעולה לנמק עשוי היה לגרום לכך שאדם אחר השתכנע,לנמק:השתכנע,VERB,VERB
חיריק הוא נקודה (בצורתו) בעל שימוש מסוים (ניקוד),חיריק:נקודה,NOUN,NOUN
הבהרה היא מתן הסבר במטרה לכרום להבנה של דבר מה,הבהרה:הבנה,NOUN,NOUN
דבר לח הוא דבר רטוב במקצת בעוד שדבר רווי הוא דבר מלא לחלוטין בנוזל,לח:רווי,OTHER,ADJECTIVE
לדובב זה לגרום למישהו אחר לדבר,לדובב:לדבר,VERB,VERB
רמיזה זה לתת רמז לאחר,רמיזה:רמז,NOUN,NOUN
מיילדת היא מי שמסייעת לאחר ללדת ,מיילדת:ללדת,NOUN,VERB
תגבורת היא תוספת של כוח אדם,תגבורת:כוח אדם,NOUN,UNDEFINED
מי ששיבח דבר כלשהו ביצע את הפעולה ההפוכה ממי שגינה,שיבח:גינה,VERB,VERB
נר מסייע להפיג חושך,חושך:נר,NOUN,NOUN
צמחייה היא שם כולל לצמחים,צמחייה:צמחים,NOUN,NOUN
משמעות המילה מצרימה היא לכיוון מצרים,מצרים:מצרימה,NOUN,UNDEFINED
מי שהלבין פניו של אחר גרם לו בושה,בושה:הלבין פניו,NOUN,PHRASE
אם אדם קימר דבר כלשהו הוא גרם לכך שיהיה לו מבנה קשתי,קימר:קשתי,VERB,ADJECTIVE
נווד הוא אדם אשר מחליף את מקומו לעיתים קרובות,נווד:מקום,NOUN,NOUN
לוליין הוא אדם שמבצע תרגילים באוהל קרקס,לוליין:אוהל קרקס,NOUN,UNDEFINED
מי שהרשה נתן לאדם אחר רשות,הרשה:רשות,VERB,NOUN
כשאדם נמצא שמאלה ביחס לדבר מסוים הדבר למעשה נמצא מימין אל האדם,שמאלה:מימין,OTHER,UNDEFINED
כאשר מעונן פירוש הדבר שהשמיים מכוסים ענן(עננים),ענן:מעונן,NOUN,NOUN
טרחני הוא אדם הנוטה להטריד אחרים,טרחני:להטריד,ADJECTIVE,VERB
.לנסר זו פעולה שתוצר הלוואי שלה הוא שבבים,לנסר:שבבים,NOUN,NOUN
כדי להגיע לכיוון מערב יש ללכת ימה,מערב:ימה,NOUN,OTHER
להקהיל היא פעולת איסוף אנשים,אנשים:להקהיל,NOUN,VERB
אם נפרק סלע ליחידות קטנות יותר נקבל חצץ,סלע:חצץ,NOUN,VERB
להטריח פירושו לגרום למישהו טרחה,להטריח:טרחה,VERB,VERB
דוור הוא אדם המספק דואר לזולת,דוור:דואר,NOUN,NOUN
לקושש זה לאסוף עצם אותו ניתן להבעיר,לקושש:להבעיר,UNDEFINED,VERB
על גבי הכן ניתן להניח דברים כשם שבתוך המגירה ניתן להניח דברים,כַּן:על גבי,UNDEFINED,UNDEFINED
הישגיות היא השאיפה להגיע להישג חדש ומאתגר יותר בכל פעם,הישג:הישגיות,NOUN,NOUN
שערה היא המרכיב היחידי המופיע מספר רב של פעמים בתוך קווצה של שערות,קווצה:שערה,NOUN,NOUN
אדם שבא על שכרו הוא אדם שקיבל גמול על פועלו,גמול:בא על שכרו,NOUN,UNDEFINED
מי שטען סוללה למעשה הכין אותה לשימוש,טען:סוללה,VERB,NOUN
תהליך הביות גורם לכך שהעצם עליו מבוצע התהליך לא יהיה פראי,ביות:פראי,NOUN,ADJECTIVE
המילה איזה היא צורת היחיד של המילה אילו,איזה:אילו,OTHER,OTHER
שרר הוא מי שהתמיד בפעולה זו לאחר שהשתרר במקום מסוים,השׂתרר:שָׂרַר,UNDEFINED,UNDEFINED
לחם הוא מאכל שנאפה מחיטה שנקצר,לֶחם:נקצר,UNDEFINED,VERB
הפעולה שמתבצעת על המקלדת מוצגת באצמעות צג,צג:מקלדת,OTHER,NOUN
דבר מסקרן מעורר לסקרנות,מסַקרֵן:סקרנות,UNDEFINED,NOUN
קל להרגיז מישהו שהוא נוח לכעוס,נוח לכעוס:הרגיז,UNDEFINED,VERB
מי ששאל שאלה רצה לקבל תשובה ממישהו אחר,שאל:תשובה,VERB,NOUN
פלה פירושו סילק כינים מתוך השיער,פלה:שער,VERB,UNDEFINED
אח הוא סוג של שאר בשר (קרוב משפחה),שאר בשר:אח,UNDEFINED,NOUN
תסמין מסייע לרופא להגיע לאבחנה,תסמין:אבחנה,NOUN,NOUN
מעקה נועד למנוע נפילה ולהגן מפניה,נפילה:מעקה,NOUN,NOUN
אם מישהו מסכים עם מישהו אחר יש ביניהם תמימות דעים,מסכים:תמימות דעים,VERB,PHRASE
קפדן הוא מי שנוטה לדקדק,קפדן:לדקדק,NOUN,VERB
ייעודו של לוח מודעות הוא שיתלו עליו מודעות,לוח מודעות:מודעות,PHRASE,NOUN
לאלתר פירושו ללא שהייה,לאלתר:שהייה,OTHER,NOUN
לייקר זה להעלות את המחיר,מחיר:לייקר,NOUN,VERB
כדי לשכנע מישהו צריך לטעון היטב,לשכנע:לטעון,VERB,VERB
צרה צרורה היא הצורה הקיצונית של צרה,צרה:צרה צרורה,NOUN,PHRASE
הספרייה מכילה פרטים שאחד ממרכיביהם הוא דף,ספרייה:דף,NOUN,NOUN
אטב משמש לתליית דברים על חבל הכביסה,אטב:חבל כביסה,NOUN,UNDEFINED
באמצעות אבזם סוגרים אבנט,אבנט:אבזם,NOUN,NOUN
לגרום למישהו להתלקח פירושו לגרום לו לעבור את התהליך ההפוך מלדעוך,להתלקח:לדעוך,VERB,VERB
פה - במקום הזה אי שם - במקום כלשהו לא מפורט,פה:אי שם,NOUN,UNDEFINED
מצב בלתי הפיך הוא מצבצ שלא ניתן להחזיר לקדמותו,בלתי הפיך:להחזיר לקדמותו,PHRASE,PHRASE
את המפה פורשים על השולחן,מפה:שולחן,NOUN,NOUN
כאן פירושה במקום הזה,כאן:מקום,OTHER,NOUN
הוביל פירושו שאדם אחר הלך בעקבותיו,הוביל:הלך בעקבותיו,VERB,PHRASE
"נו""ן הוא שמה של האות ה- 14 באלף- בית","אות:נו""ן",NOUN,NOUN
סימני ניקוד מטרתם להקל עבור אנשים על הקריאה,ניקוד:קריאה,NOUN,NOUN
דגל לבן משמש בכדי להביע כניעה,דגל לבן:כניעה,PHRASE,NOUN
הפעולה לפייס נועדה לגרום למישהו להפסיק להיות זועף,זועף:לפייס,NOUN,VERB
בדבר מושלם אין פגם,מושלם:פגם,ADJECTIVE,NOUN
מי שעמד בניסיון לא התפתה לדבר מה,עמד בניסיון:התפתה,UNDEFINED,VERB
מי שהפיס דעתו של אדם אחר גרם לאותו אדם להיות מרוצה,הפיס דעתו:מרוצה,UNDEFINED,ADJECTIVE
חוטב הוא אדם המבצע פעולה הנעשית על מנת לספק חומר גלם לעבודתו של הנגר,חוטב:נגר,NOUN,NOUN
ריק הוא מה שאין בו תכולה,ריק:תכולה,NOUN,NOUN
טאטא הוא מי שניקה את הרצפה שיצר את הרצף,רַצָּף:טאטא,UNDEFINED,VERB
דרך הוא מה שהזולת סלל,דרך:סלל,NOUN,VERB
קריאת ודאי! נאמרת על ידי מי שלא מהסס,ודאי!:מהסס,NOUN,VERB
קדנציה (תקופת כהונה מוגדרת) נמדדת בזמן,קדנציה:זמן,NOUN,NOUN
נים ולא נים הוא מצב הנע בין שני מצבים: שינה וערות,נים ולא נים:שינה,PHRASE,NOUN
השאלה היא הענקה זמנית,השאלה:הענקה,UNDEFINED,NOUN
 .עומד בניסיון הוא מי שלא מצליחים לפתות אותו כעת,עומד בניסיון:לפתות,PHRASE,VERB
אדריכל הוא בעל מקצוע שמתכנן מבנים שבהם ניתן לגור,אדריכל:לגור,NOUN,VERB
מי שהציג דבר מה רצה לגרום לאדם אחר להסתכל על אותו הדבר,הציג:להסתכל,VERB,VERB
דיונה מורכבת מחול,דיונה:חול,NOUN,NOUN
כשחותכים עץ נוצרים שבבים,עץ:שבב,NOUN,UNDEFINED
מי שמתחרה משתתף בתחרות,תחרות:מתחרה,NOUN,VERB
חום גבוה הינו סממן של מי שהבריאות שלו אינה במיטבה,חום גבוה:בריאות,UNDEFINED,NOUN
אגל הוא צורת ההופעה של הטל,טל:אגל,NOUN,NOUN
מי שקרטע בעצם נע באופן לא רצוף,קרטע:נע,VERB,VERB
אדם ניגף כאשר מישהו אחר מנצח אותו,ניגף:מנצח,VERB,VERB
מלצר הגיש את אשר אדם אחר בישל,בישל:מלצר,VERB,NOUN
אבן נגף (מכשול) היא דבר המפריע להתקדם,אבן נגף:להתקדם,PHRASE,VERB
שרלטן מציג נושא מסוים כאילו הוא המומחיות שלו,שרלטן:מומחיות,NOUN,NOUN
עקב אכילס הוא נקודה בה האדם פגיע,עקב אכילס:פגיע,PHRASE,ADJECTIVE
בהתמדה היא עשיית דבר מה ללא הפסקה,בהתמדה:הפסקה,UNDEFINED,NOUN
דבר שלא שזפתו עין הוא דבר שאיש לא ראה אותו,לא שזפתו עין:ראה,PHRASE,VERB
נסורת היא תוצר לוואי של הפעולה לנסר,לנסר:נסורת,VERB,NOUN
אדם עלה על יצועו ולאחר מכן נרדם,עלה על יצועו:נרדם,PHRASE,VERB
ילדותי הוא מי שיש לו אופי של ילד,ילדותי:ילד,ADJECTIVE,OTHER
אפשר להצחיק בעזרת הלצה,להצחיק:הלצה,VERB,UNDEFINED
הזרבובית היא החלק בכלי מזיגה שדרכו מועבר התה,תה:זרבובית,NOUN,NOUN
אבן משחזת גורמת למאכלת למלא את תפקידה בצורה טובה יותר,אבן משחזת:מאכלת,UNDEFINED,NOUN
דבר שבשל הגיע למצב שבו הוא בשל,בשל:בשל,VERB,VERB
יהלום הוא סוג של אבן יקרה,אבן:יהלום,NOUN,NOUN
טלאי נועד לכסות את החור (בבגד),חור:טלאי,NOUN,NOUN
קמור ושטוח מתארים מצבים שונים של דבר מה,קמור:שטוח,ADJECTIVE,ADJECTIVE
לסייג זה להטיל בגבלה כלשהי,לסייג:הגבלה,UNDEFINED,UNDEFINED
דומם הינו דבר מה הקורה ללא קול,דומם:קול,OTHER,NOUN
הדביק הוא מי שדלק אחרי מישהו והצליח להשיג את מטרתו,דָּלַק:הדביק,UNDEFINED,UNDEFINED
מי שלא נוכח איננו,נוכח:איננו,VERB,OTHER
להדיח זה לגרום לאדם אחר לפשוע,להדיח:לפשוע,VERB,VERB
אם מישהו הרכיב משקפי שמש פחת הסיכוי שדבר מה סנוור אותו,משקפי שמש:סִנְוֵר,PHRASE,UNDEFINED
מי שהמריא החל פעולה שלאחריה הוא טס,המריא:טס,VERB,VERB
מי ששומה עליו הוא מי שיש לו חובה לעשות דבר מה,שומה עליו:חובה,PHRASE,NOUN
נווה מדבר הוא שטח הממוקם בתוך המדבר ושונה ממנו בטבעו (בנווה מדבר יש מים ועצים בניגוד לשאר המדבר),נווה מדבר:מדבר,PHRASE,NOUN
אם מישהו הוא ערום (מלשון עורמה) הוא מנצל באופן פיקחי (חכם) את תמימותם של אחרים,פיקח:ערום,ADJECTIVE,ADJECTIVE
מאפה הוא מאכל שמישהו אפה,מאפה:אפה,NOUN,VERB
ענן גשם הוא אמצעי טבעי וממטרה היא אמצעי מלאכותי להשגת מטרה זהה,ענן גשם:ממטרה,UNDEFINED,NOUN
אמין הוא מי שניתן לסמוך עליו,אמין:לסמוך,NOUN,VERB
טרק פירושו סגר בחוזקה,סגר:טרק,VERB,NOUN
דשן הוא מה שהוספתו נועדה להשביח,להשביח:דשן,VERB,ADJECTIVE
כתובת ספציפית היא דרך לסימון בית מסוים,בית:כתובת,NOUN,NOUN
על מנת ליצור לחן צריך להלחין,לחן:להלחין,NOUN,VERB
על דבר עלום (נסתר בלתי נודע) אין מידע,עלום:מידע,ADJECTIVE,NOUN
תת סעף הוא חלק מהסעיף הראשי,תת-סעיף:סעיף,UNDEFINED,NOUN
אחר שהדליק עשה משהו אחר לא כבוי,כָּבוי:הדליק,UNDEFINED,UNDEFINED
מי שהתפרסם כבר לא נמצא במצב של אנונימיות,התפרסם:אנונימיות,VERB,NOUN
משבר שבא על פתרונו נפתר והסתיים,בא על פתרונו:משבר,PHRASE,NOUN
.ציפורן היא צורת היחיד של ציפורניים,ציפורן:ציפורניים,NOUN,NOUN
כילי הוא קמצן מופרז ולכן לא סביר שתרם מכספו,כילי:תרם,ADJECTIVE,VERB
דולק הוא דבר דליק שכבר בוצע עליו פעולת הדלקה,מסיס:ממוסס,UNDEFINED,UNDEFINED
שתייה היא פעולה שניתן לבצע באמצעות המים ששואבים מהבאר,באר:שתייה,NOUN,NOUN
ביצורים מגנים מפני האויב,ביצורים:אויב,UNDEFINED,NOUN
ביוגרפיה הינה ספר בו הנושא הוא אדם מסוים,ספר:ביוגרפיה,VERB,NOUN
מבטא מצביע על המוצא של מישהו,מִבטא:מוצָא,UNDEFINED,UNDEFINED
גזרה היא תקנה שפוגעת באחר,תקנה:גזֵרה,NOUN,UNDEFINED
התפאר הוא מי שהילל את עצמו,הילל:התפאר,VERB,VERB
להפריח פירושו לגרום לאחר לעוף,להפריח:לעוף,VERB,VERB
אדם נהנתן הוא אדם הרודף אחר תענוגות,נהנתן:תענוגות,ADJECTIVE,NOUN
להשמיע קול צורם זה להפיק קול לא נעים,להשמיע קול:צורם,UNDEFINED,ADJECTIVE
מטרתו של חיסון היא למנוע מהגוף לחלות,חיסון:לחלות,NOUN,VERB
אדם הזדקק לדבר מה שהיה נחוץ לו,הזדקק:נחוץ,VERB,ADJECTIVE
גבעול הוא חלק בפרח. אם מלקטים כמה פרחים וקושרים אותם מתקבל זר,גבעול:זר,NOUN,NOUN
פעולת עצימת העיניים מבטלת את יכולת הראייה,עצימת עיניים:ראייה,PHRASE,NOUN
גיבן הוא אדם בעל חטוטרת,חטוטרת:גיבן,NOUN,NOUN
"מי שעמד מנגד לא שמע לקריאת ה""הצילו!""",הצילו!:עמד מנגד,NOUN,UNDEFINED
גדר משמשת לשם חציצה,גדר:חציצה,NOUN,NOUN
בכרם מגדלים עצי פרי מסוג מסוים ובפרדס מגדלים עצי פרי מסוג אחר,כרם:פרדס,NOUN,NOUN
כפתור ורוכסן יכולים לשמש לאותה המטרה באותו המיקום אך בעלי מבנה שונה,כפתור:רוכסן,NOUN,NOUN
נעור הוא מי שנהיה ער בעצמו,נעור:ער,VERB,ADJECTIVE
אם דבר מה הוא מצודד (שובה לב מושך) קל להימשך אליו,מצוֹדֵד:להימשך,UNDEFINED,VERB
קורטוב היא כמות קטנה,קורטוב:כמות,NOUN,NOUN
במחירון ניתן למצוא מחירים שונים,מחירון:מחיר,NOUN,NOUN
מי שהסתפק קבע שדבר מה מספיק עבורו,הסתפק:מספיק,VERB,VERB
פלייה היא הוצאה של דבר מה (למשל כינים) מהפרווה,פלייה:פרווה,NOUN,NOUN
מגובב הוא תיאור לדבר שאין בו סדר,מגובב:סדר,ADJECTIVE,NOUN
אדם שהתאכזב ממצב מסויים לא קיווה לו,קיווה:התאכזב,VERB,VERB
התקנא הוא מי שקינא בזולת,התקנא:קינא,VERB,VERB
ניתן להפוך עצם כלשהו לקלוי על ידי חשיפתו לחום,קלוי:חוֹם,ADJECTIVE,UNDEFINED
עירום הוא מי שבוחר להתערטל,להתערטל:עירום,VERB,NOUN
צרידות פירושה ירידה באיכות הדיבור,צרידות:דיבור,NOUN,NOUN
עכור הוא משהו שלא מתאפיין בצלילות,עכור:צלילות,ADJECTIVE,NOUN
"לברא היא פעולה שעושים באמצעות גרזן (""לברא"" - לכרות עצים)",גרזן:לברא,NOUN,VERB
אשפה היא כלי לאחסון חצים שאותם יורים,אשפה:יורים,NOUN,VERB
שוחח הוא מי שדיבר לשם תקשורת עם אחר,שוחח:דיבר,VERB,VERB
דבר שנמכר החליף בעלים,נמכר:בעלים,VERB,NOUN
צריך לחדד את העיפרון על מנת שניתן יהיה לכתוב באמצעותו,לחדד:לכתוב,VERB,VERB
מי שהתפאר למעשה פיאר את עצמו,התפאר:פיאר,VERB,VERB
מי שזמם תכנן לעשות משהו רע,זמם:תכנן,VERB,VERB
סקרן הוא מי שרוצה לקבל כמה שיותר מידע,מידע:סקרן,NOUN,NOUN
לחלופין היא מילה המציינת כי קיימת חלופה,לחלופין:חלופה,OTHER,NOUN
מי שהטיל עוגן הוא מי שמנע מהזולת להפליג,הטיל עוגן:להפליג,UNDEFINED,VERB
,מגל:אסם,UNDEFINED,UNDEFINED
מי שהכביר מילים דיבר בפירוט ובאריכות,הכביר מילים:דיבר,PHRASE,VERB
קוף זהו החור בקצה המחט,קוף:מחט.,NOUN,UNDEFINED
הדום הוא רהיט שעליו מניחים רגליים,הדום:רגליים,UNDEFINED,NOUN
אדם אשר ניחם הוא אדם שעלתה בו חרטה לגבי דבר מה,ניחַם:חרטה,UNDEFINED,VERB
אדם בדימוס הוא אדם שפרש מתפקידו,בדימוס:פרש,ADJECTIVE,VERB
ניתן לשים על גבי אצטבה פריטים,אצטבה:על גבי,NOUN,PHRASE
כבשה היא אחד הפרטים שמרכיבים עדר,כבשה:עדר,NOUN,NOUN
"מנכ""ל אחראי על עובד","מנכ""ל:עובד",NOUN,NOUN
מברשת משמשת לצביעה באמצעות צבע,מברשת:צבע,NOUN,NOUN
צורך הוא אדם שמעבד זהב לכדי יצירה כלשהי,צורף:זהב,UNDEFINED,NOUN
.מי שדחה לא קיבל דבר מה,דחה:קיבל,VERB,VERB
מי שמבליט משהו הופך אותו לניכר,מבליט:ניכר,VERB,NOUN
מספר זהות הוא שיטה מספרית לקטלוג כל אזרח,מספר זהות:אזרח,UNDEFINED,NOUN
דבר מיותר הוא דבר שאין איש שצריך אותו,מיותר:צריך,ADJECTIVE,ADJECTIVE
מי שהדיר את רגליו לא פקד מקום מסוים,הדיר את רגליו:פקד,PHRASE,VERB
דבר מה מקומם הוא דבר המעורר התנגדות בקרב אנשים,מקוֹמֵם:התנגדות,UNDEFINED,NOUN
מי שהשניא גרם לכך שאדם אחר שונא דבר מה,השניא:שונא,VERB,VERB
ברדלס הוא סוג של טורף,ברדלס:טורף,NOUN,NOUN
אם משהו השתרר אז כעת הוא שורר,שורר:השתרר,VERB,VERB
אדם שקע בגלל שמשהו טובעני,טובעני:שקע,ADJECTIVE,VERB
אדם שמתיימר מייחס לעצמו יכולת,מתיימר:יכולת,VERB,ADJECTIVE
בכי תמרורים הוא בכי קיצוני,בכי תמרורים:בכי,PHRASE,NOUN
סגלגל הוא תיאור צורתה של הביצה,סגלגל:ביצה,ADJECTIVE,NOUN
גרם מדרגות מורכב ממדרגה המחוברת למדרגות נוספות,גרם מדרגות:מדרגה,PHRASE,NOUN
מי שכיתר גרם למשהו אחר להיות מוקף,כיתר:מוקף,VERB,ADJECTIVE
מדיד הוא משהו שניתן למדוד אותו,מדיד:למדוד,NOUN,VERB
מי שזמם תכנן לבצע מעשה זדוני,תכנן:זמם,VERB,VERB
נלעג הוא דבר המעורר תחושת לעג כלפיו,נלעג:לעג,ADJECTIVE,NOUN
לזרז פירושו לנסות לגרום לאדם אחר להיחפז,להיחפז:לזרז,VERB,UNDEFINED
אדם שמהסה אדם אחר מונע ממנו להקים שאון,מהסה:מקים שאון,VERB,PHRASE
מי שמציע מיטה מסדר אותה לשינה,מציע:מיטה,VERB,NOUN
מוחמא הוא מי שנאמרו לו דברי שבח על ידי אחר,שבח:מוחמא,NOUN,NOUN
דבר מה שנשחק הוא דבר מה שנעשה בו שימוש רב,שימוש:נשחק,NOUN,VERB
כדי להגיע לשלמות יש להשתפר באופן מקסימלי,להשתפר:שלמות,VERB,NOUN
צחנה היא ריח רע,צחנה:ריח,NOUN,NOUN
דבר מרובב הוא דבר בעל כתמים רבים,מרובב:כתם,ADJECTIVE,UNDEFINED
אדם אופטימי הוא אדם המרגיש תקווה,אופטימי:תקווה,ADJECTIVE,NOUN
פריעה היא פעולה שמביאה לביטולו של חוב,פריעה:חוב,NOUN,NOUN
שנתו נודדת הוא מי שאינו מצליח להירדם,שנתו נודדת:להירדם,PHRASE,VERB
.מי שקנה סחורות השתתף במסחר,מסחָר:קנה,UNDEFINED,VERB
מחושב הוא אדם בעל שיקול דעת,מחושב:שיקול דעת,ADJECTIVE,PHRASE
רמקול מאפשר שימוש של מספר אנשים בו זמנית בעוד שאוזניות נועדו לשימוש של אדם אחד,רמקול:אוזניות,NOUN,NOUN
מי שקפץ משהו סגר אותו כך שכעת הוא סגור מאוד (נאמר בעיקר על איברים בגוף האדם),סָגַר:קפץ,UNDEFINED,VERB
אם אדם מבצע התמחות הוא כבר לא הדיוט,התמחות:הדיוט,NOUN,NOUN
מי שהתבודד שם עצמו במצב של בדידות,התבודד:בדידות,VERB,NOUN
את תכניתו של המחזאי ניתן לראות על הבמה,מחזאי:במה,NOUN,NOUN
אקווריום הוא כלי מלא מים המשמש לגידול דגים,אקווריום:מים,NOUN,NOUN
ריאה הוא איבר המתמלא באוויר,ריאה:אוויר,NOUN,NOUN
צורף הכין דבר מה שאותו ענד אדם אחר,צורף:ענד,NOUN,VERB
 מי שהקיץ הפך להיות ער,הקיץ:ער,OTHER,ADJECTIVE
יער הוא שטח המכוסה עצים וקרחת יער היא שטח ללא עצים,קרחת יער:יער,UNDEFINED,NOUN
פירושה של המילה הנה הוא לכאן,כאן:הנה,OTHER,OTHER
להשחיז היא פעולה המיועדת לשפר את התפקוד של מה שמיועדלחתוך (סכין).,להשחיז:לחתוך,VERB,NOUN
שרלטן הוא מי שמעמיד פני מומחה,שרלטן:מומחה,NOUN,ADJECTIVE
תדיר הוא מה שהשכיחות שלו גבוהה,תדיר:שכיחות,ADJECTIVE,NOUN
היקוות היא הצטברות של מים במקום מסוים,היקווּת:מים,UNDEFINED,NOUN
מרזב משמש כדי לנקז משהו,מרזב:לנקז,NOUN,VERB
תו הוא היחידה הבודדת הקטנה ביותר בסימפוניה,תו:סימפוניה,NOUN,NOUN
לגלען פירושו להוציא מפרי את הגלעין,לגלען:גלעין,VERB,NOUN
אם אדם מתמכר לדבר מסוים ניתן לומר שהדבר ממכר אותו,ממַכר:מתמכר,UNDEFINED,VERB
אדפ שפשט ידו ציפה לנדיבות מצד אדם אחר,פשט יד:נדיבות,PHRASE,NOUN
נחיל מורכב מהרבה בעלי כנף,נחיל:כנף,NOUN,NOUN
ישים הוא דבר מה שניתן ליישם אותו,ישים:ליישם,NOUN,VERB
דקיק זה דק מאוד,דק:דקיק.,ADJECTIVE,UNDEFINED
הרמת ידיים היא פעולה המבטאת כניעה,הרמת ידיים:כניעה,PHRASE,NOUN
עמדו על טיבו משמע חקרו והבינו את האופי שלו,אופי:עמדו על טיבו,NOUN,PHRASE
נדיר הוא שאינו תדיר,נדיר:תדיר,ADJECTIVE,ADJECTIVE
מי שבחר להעלים עין העמיד פנים שאינו רואה,להעלים עין:רואה,UNDEFINED,VERB
תערוכה מורכבת ממספר מוצגים,תערוכה:מוצג,NOUN,NOUN
מי שליבו נכמר הגיב בחיוב לפעולת התחינה,תחינה:ליבו נכמר,NOUN,PHRASE
שנאת חינם היא שנאה ללא סיבה מוצדקת,שנאה:שנאת חינם,NOUN,UNDEFINED
אם מישהו הטריף את דעתו של אחר זה אומר שהוא גרם לו לאבד את שפיותו,שפיותו:הטריף את דעתו,NOUN,PHRASE
כרה פירושו יצר בור,כרה:בור,OTHER,NOUN
חווק הוא חלק מכלי העוזר לטפס,חווק:לטפס,NOUN,VERB
מי שניחן הוא בעל סגולה כלשהי,ניחן:סגולה,NOUN,NOUN
חברבורה היא חלק מדבר בעל דפוס מנומר,מנומר:חברבורה,ADJECTIVE,NOUN
מי שאיכף (שם אוכף) הכין את הסוס כך שיהיה ניתן לרכוב עליו,איכף:לרכוב,NOUN,VERB
מסננת היא דבר שמאפשר מעבר של נוזל ,מסננת:נוזל,NOUN,NOUN
חמשיר הוא סוג של שיר קצר בעל חמש שורות,חמשיר:שיר,NOUN,NOUN
שניהם משמשים לאותה המטרה אך בעוד שגינה היא מלאכותית אחו הוא טבעי,גינה:אחו,NOUN,NOUN
בכור הוא הצאצא הראשון,בכור:צאצא,UNDEFINED,NOUN
רוכסן הוא מנגנון המשמש לסגירת תיק,רוכסן:תיק,NOUN,NOUN
מכשור הוא שם כולל לקבוצה של מכשירים,מכשור:מכשיר.,NOUN,NOUN
אדם כבד פה מתאפיין בחוסר רהיטות,כבד פה:רהיטות,PHRASE,NOUN
לנגוח היא הפעולה באמצעותה פר יכול לפגוע,פר:לנגוח,NOUN,VERB
תפקיד המקרר הוא לשמור על דבר מה טרי,מקרר:טרי,NOUN,ADJECTIVE
המצאות של איש במקום כלשהו הופכת אותו למאויש,מאויש:איש,ADJECTIVE,NOUN
אם אני מסתייע במישהו אחר אז הוא עוזר לי,מסתייע:עוזר,VERB,VERB
מי שהלם הוא מי שהקיש בחוזקה,הקיש:הלם,VERB,VERB
אם דבר מה הורד אז כדי להחזירו למצב הקודם מישהו העלה אותו,הורד:העלה,VERB,VERB
אם אדם זנח אדם שני אז האדם השני ננטש,זנח:ננטש,VERB,VERB
הלחיץ הוא מי שגרם לאדם אחר להילחץ וכתוצאה מכך הוא הזיע (ההזעה היא תוצר לוואי של הלחץ),הלחיץ:הזיע,UNDEFINED,VERB
מי שהתגרה ציפה לתגובה ומי שהבליג הוא מי שלא הגיב,התגרה:הבליג,VERB,VERB
"כששואלים מישהו: ""הבנת?"" רוצים לדעת האם הוא הבין דבר מה",הבנת?:הבין,NOUN,VERB
גילח למשעי זה גילח עד שלא נותר מה לגלח,גילח למשעי:גילח,PHRASE,VERB
אימפולסיבי הוא מי שפועל מתוך דחף,דחף:אימפולסיבי,NOUN,NOUN
עקב אכילס הוא ביטוי שמשמעותו נקודת חולשה,עקב אכילס:חולשה,PHRASE,NOUN
לחיצת יד היא דבר שנהוג לעשות כאשר רוצים להתוודע למישהו,להתוודע:לחיצת יד,VERB,PHRASE
הבהוב הוא הופעה לסירוגין של אור,הבהוב:אור,NOUN,NOUN
כיכר (לחם) הינה חתיכה שלמה של לחם,לחם:כיכר,NOUN,NOUN
מחשבון הוא מכשיר שבעזרתו ניתן לבצע בקלות חישוב,מחשבון:חישוב,NOUN,NOUN
באתר ארכיאולוגי מחפשים עתיקות,עתיקות:אתר ארכאולוגי,NOUN,UNDEFINED
לקושש זה לאסוף זרדים,זרדים:לקושש,NOUN,UNDEFINED
טף הוא מכלול העוללים,עולל:טף,NOUN,NOUN
גירד פירושו העביר את הציפורן שלו על גבי משטח,גירד:ציפורן,VERB,NOUN
בן-אלמוות הוא מי שלא יכול להיות מת,בן-אלמוות:מת,UNDEFINED,ADJECTIVE
מתפכח הוא מי שמפסיק להיות מבוסם,מתפכח:מבוסם,VERB,NOUN
במזקקה מייצרים דבר מה שלאחר מכן ניתן ליהנות ממנו במסבאה,מזקקה:מסבאה,NOUN,NOUN
לטוות זה ליצור חוטים בהם משתמשים כדי לתפור,לטוות:לתפור,VERB,VERB
תסמין הוא ביטוי אחד של תסמונת כלשהי,תסמין:תסמונת,NOUN,NOUN
נשבע הוא מי שאדם אחר השביע אותו,השביע:נשבע,VERB,VERB
חותה הוא מי שמזיז (או מפנה) גחלים,חותה:גחלים,VERB,NOUN
הסתרק הוא מי שסירק את עצמו,הסתרק:סירק,VERB,VERB
גרשיים בנויים משתי יחידות הנקראות גרש,גרש:גרשיים,NOUN,NOUN
להעליב פירושו לגרום למישהו להיעלב,להעליב:להיעלב,VERB,VERB
מוטב לכייל (לכוון מכשיר מדידה כך שמדידותיו יהיו מדויקות יותר) דבר מה לפני שמתחילים למדוד באמצעותו,לכייל:למדוד,VERB,VERB
מחבוא הוא מקום שבו אדם הסתתר,מחבוא:הסתתר,NOUN,VERB
מי שדיבר בעוצמה צעק,דיבר:צעק,VERB,VERB
נקרש הוא מה שהיה נוזל והפך למוצק,נקרש:נוזל,VERB,ADJECTIVE
פיר הוא החלל שדרכו המעלית נעה ממקום למקום,פיר:מעלית,NOUN,NOUN
הרווק מפסיק להיות כזה לאחר חתונה,רווק:חתונה,NOUN,NOUN
תחנת דלק היא מקום שאפשר לקנות בו דלק,דלק:תחנת דלק,NOUN,PHRASE
פרס פירושו חתך דבר מה לפרוסות,חתך:פרס,VERB,NOUN
לחם הוא מאכל העשוי מקמח,לחם:קמח,UNDEFINED,NOUN
אם מישהו הפתיע משמעות הדבר כי מישהו אחר הופתע,הפתיע:הופתע.,VERB,UNDEFINED
מי שהודיע העביר מידע ממקור כלשהו ליעד,הודיע:מידע,VERB,NOUN
מיגר פירושו החליש עד להפסקה מוחלטת של הדבר,החליש:מיגר,VERB,VERB
להתחבק זו פעולה הדדית שבה אדם חיבק אדם אחר ואותו אדם חיבק אותו בחזרה,להתחבק:חיבק,VERB,VERB
לחם עשוי מבצק שעשוי מחיטה,לחם:חיטה,UNDEFINED,NOUN
אזלת יד היא חוסר יכולת,אָזלת יד:יכולת,PHRASE,NOUN
תם הוא מה שאחר כילה אותה ,כילה:תם,VERB,ADJECTIVE
דירה היא מקום המגורים של האדם דיר הוא מקום המגורים של חיות המשק,דירה:דיר,NOUN,NOUN
העצם המוצב על הפמוט (נר) מפיץ נגה (אור),פמוט:נֹגה,NOUN,UNDEFINED
אובייקט מהביל הוא אובייקט הפולט אדים,אדים:מהביל,NOUN,NOUN
עיר נמל היא עיר אשר יש בה נמל,נמל:עיר נמל,NOUN,UNDEFINED
אוושה היא רעש קל,אִוושה:רעש,UNDEFINED,NOUN
מי שהערים על מישהו גרם לכך שמישהו הולך שולל,הערים:הולך שולל,VERB,PHRASE
שם הפועל לצותת פירושו שמישהו הקשיב לאחר ללא רשות,לצותת:הקשיב,VERB,VERB
מי שביצע פעולה של לשיר חזק יתר על המידה עשוי להצטרד,לשיר:להצטרד,NOUN,VERB
מכמורת (רשת) היא כלי המשמש לדיג,מכמורת:דיג,NOUN,NOUN
"הביטוי ""לא דובים ולא יער"" מטרתו לא לאשר דבר מסויים",לא דובים ולא יער:לאשר,PHRASE,VERB
עלווה היא כלל העלים המכסים עץ או שיח מסוים,עלה:עלווה,UNDEFINED,NOUN
קהל מורכב מאנשים,קהל:איש,NOUN,UNDEFINED
מהוה הוא מי שעבר שחיקה,שחיקה:מָהוּהַּ,NOUN,UNDEFINED
פיהוק הוא סממן גופני שמצביע על עייפות,פיהוק:עייפות,NOUN,NOUN
אט פירושו באיטיות,אט:אִטיוּת,NOUN,UNDEFINED
נבוב הוא דבר שאין בו תוכן,נבוב:תוכן,ADJECTIVE,VERB
קל לבטוח במשהו אמין,לבטוח:אמין,VERB,ADJECTIVE
משמעות הצירוף כל כולו היא כולו באופן מוחלט,כל כולו:כולו,PHRASE,NOUN
אם מישהו דלק אחרי מישהו והצליח הוא תפס אותו,דלק:תפס,VERB,VERB
מומר הוא מי שעבר מדת אחת לאחרת,מורמר:דת,UNDEFINED,NOUN
ברפת מגדלים פרה אשר ממנה ניתן להפיק חלק שממנו ניתן לייצר גבינה,רפת:גבינה,NOUN,NOUN
אקראי הוא תיאור לדבר שאין לו חוקיות,אקראי:חוקיות,NOUN,NOUN
.נזיפות הן הערות שנאמרות למישהו על מנת להוכיח אותו על מעשיו,נזיפות:להוכיח,NOUN,VERB
בין תמימי דעים אין מחלוקת,תמימי דעים:מחלוקת,PHRASE,NOUN
מי שקיבע דבר מה הפך אותו ליציב,יציב:קיבע,ADJECTIVE,VERB
מרבד זה שטיח שמכסה את הרצפה,מרבד:רצפה,NOUN,NOUN
כורם הוא מי שעובד בכרם ומטפל בענבים ויקב הוא המקום שבו מייצרים יין מענבים,כורם:יקב,NOUN,NOUN
בחפץ לב פירושו להסכים בשמחה כלומר ההפך מלסרב למשהו,בחפץ לב:לסרב,PHRASE,VERB
מי שהדיח אדם אחר למעשה הוביל באופן ישיר לכך שאותו אדם חטא,חָטָא:הדיח,UNDEFINED,VERB
התחוור פירושו נהיה ברור,התחוור:ברור,VERB,ADJECTIVE
באמצעות מכמורת ניתן ללכוד דגים רבים ובאצמעות חכה ניתן ללכוד דג אחד,מכמורת:חכה,NOUN,NOUN
מכונאי מטפל ברכב בו משתמש הנהג,מכונאי:נהג,NOUN,NOUN
אופה הוא מי שמייצר דבר שניתן לאכילה,אופה:אכילה,NOUN,NOUN
הנני זו מילה שנועדה להפגין נוכחות,הנני:נוכחות,OTHER,NOUN
כשדבר מה נמכר הבעלים שלו מתחלפים,נמכר:בעלים,VERB,NOUN
מי שיזרה מלח על הפצעים יגביר את הכאב (זרה מלח על הפצעים - הוסיף יגון על מכאוב),כְּאֵב:יזרה מלח על הפצעים,UNDEFINED,PHRASE
מי שהתגושש השתתף בהתגוששות עם מישהו אחר,התגושש:התגוששות,OTHER,NOUN
קמוץ הוא משהו שמסרב להיפתח,קמוץ:להיפתח,NOUN,VERB
לדבר היא פעולה שמורכבת מהגאים,לדבר:הגאים,UNDEFINED,UNDEFINED
אדם כבש את יצרו עשה זאת במטרה שלא להתפתות,כבש את יצרו:להתפתות,PHRASE,VERB
לח הוא תיאור לדבר רטוב במקצת,לח:רטוב,NOUN,ADJECTIVE
מי שהתילד העמיד פנים שהוא ההפך ממבוגר כלומר ילד,התיילד:מבוגר,UNDEFINED,NOUN
קשור הוא מי שיש לו זיקה למשהו או למישהו,קשור:זיקה,ADJECTIVE,NOUN
הקשה הוא מי ששאל שאלה אדם אחר כלומר גרם לכך שאותו אדם נשאל,הִקשה:נשאל,UNDEFINED,VERB
אבוס הוא המתקן ממנו אוכלים בעלי חיים כפי שצלחת היא המתקן ממנו אוכלים בני אדם,אבוס:צלחת,NOUN,NOUN
נטוש הוא דבר מה שהזולת עזב אותו,נטוש:עזב,VERB,VERB
ניווט נעשה באמצעות מפה,מפה:ניווט,NOUN,NOUN
משמעות המילה אל נכון היא ללא ספק,אל נכון:ספק,PHRASE,NOUN
לרדות היא פעולת הוצאת הדבש מהכוורת,לרדות:כוורת,VERB,NOUN
מקושת הוא מה שיש לו צורה של קשת,מקושת:קשת,NOUN,NOUN
קרב אגרוף הוא תגרה מאורגנת,קרב אגרוף:תגרה,UNDEFINED,NOUN
"מי שחווה מורת רוח יקרא ""אוף!""","מורת רוח:""אוף!""",PHRASE,NOUN
קטנוע היא סוג של אופניים ממונעים,קטנוע:אופניים,NOUN,NOUN
אדם א' דובב את אדם ב' כך שאדם ב' כבר לא שתק,דובב:שתק,VERB,VERB
מגבת גורמת לאדם להפסיק להיות רטוב,מגבת:רטוב,NOUN,ADJECTIVE
מי שהתבודד בחר לחיות בבדידות ומי שנידה גרם לאחר לחיות בבדידות,התבודד:נידה,VERB,VERB
מי שעמד בדיבורו קיים את מה שהבטיח,עמד בדיבורו:הבטיח,PHRASE,VERB
אדם שמִסמר השתמש במַסמר כדי לקבע עצם אחר ,מִסמר:מַסמר,NOUN,NOUN
בהחלט פירושו ללא ספק,בהחלט:ספק,OTHER,NOUN
ענבל הוא חלק מהפעמון,פעמון:ענבל,NOUN,NOUN
דבר מה אשר הוכשל משמע אדם מסוים הכשיל אותו כלומר אותו אדם גרם לו להגיע למצב בו הוא נכשל,נכשל:הוכשל,VERB,VERB
מהמורה היא שיבוש בדרך שמפריע לשימוש בה,דרך:מהמורה,NOUN,UNDEFINED
אדם שפענח תעלומה הביא לפתרונה וכעת אינה בגדר תעלומה,פִּענח:תעלומה,UNDEFINED,NOUN
מי שחרש ביצע פעולת הכנה לפעולה שניצע כאשר זרע,חָרש:זָרע,UNDEFINED,UNDEFINED
יד רוחצת יד מתארת מצב של החלפת טובות הנאה בין שני גורמים,יד רוחצת יד:טובות הנאה,UNDEFINED,UNDEFINED
שביר הא מה שייתכן שמישהו שבר,שָׁבַר:שביר,UNDEFINED,ADJECTIVE
אורג הוא מי שעושה שימוש בנול כדי ליצור דבר מה (בדים),אורג:נול,NOUN,NOUN
אספלנית (פלסטר) משמשת לחבישה,אספלנית:חבישה,NOUN,NOUN
אדם שחנן אדם אחר העניק לו חנינה,חנן:חנינה,VERB,NOUN
משולח רסן הוא אדם חסר מעצורים כלומר שקשה לרסן אותו,משולח רסן:לרסן,PHRASE,VERB
דבר שהתחוור כבר אינו סתום,התחוור:סתום,VERB,ADJECTIVE
לכפתורים יש אותו שימוש כמו לרוכסן (אך אין מדובר באותו דבר),כפתורים:רוכסן,NOUN,NOUN
מי שערג לדבר מה חש כיסופים,ערג:כיסופים,VERB,NOUN
קצרצר פירושו קצר מאוד,קצר:קצרצר,OTHER,NOUN
הס היא קריאה שמטרתה לגרום לאחר להיות שותק,שותק:הס,VERB,NOUN
הדרים היא סוג של פרי מקבוצת ההדרים,הדרים:אשכולית,NOUN,UNDEFINED
מחצבה היא מקום בו חוצבים את האבנים שבעתיד ישמשו לבניית בניין,מחצבה:בניין,NOUN,NOUN
להירדם זה להיכנס למצב מסוים (שינה) להעיר זו הפעולה שעושה אדם אחר כדי לשנות את המצב,להעיר:להירדם,VERB,VERB
להכחיש פירושו לטעון שדבר מה הוא שקרי,להכחיש:שקרי,VERB,ADJECTIVE
לפורר פירושו להפוך משהו לפירורים,לפורר:פירורים,VERB,NOUN
מי שבגפו (לבדו) אין עמו אף אחד,בגפו:עִם,NOUN,UNDEFINED
להקשות פירושו יצירת קושייה ,להקשות:קושיה,VERB,UNDEFINED
מי שהאשים טען שאדם אחר אשם,האשים:אשֵם.,VERB,UNDEFINED
רפרפת (פודינג) היא סוג של קינוח,רפרפת:קינוח,NOUN,NOUN
ניתן לסחוט בעזרת איומים,לסחוט:איומים,VERB,NOUN
לאדם חמוש יש נשק,חמוש:נשק,ADJECTIVE,NOUN
קטנטן הוא משהו קטן מאוד,קטן:קטנטן,ADJECTIVE,ADJECTIVE
עת היא מילה המציינת תקופה מסוימת עתה היא התקופה שבה אנו נמצאים בהווה,עת:עתה,OTHER,OTHER
בן בליעל הוא סוג של רע של בן אדם,בן אדם:בן בליעל,UNDEFINED,UNDEFINED
מי שמרפד משהו הופך את הישיבה עליו לנוחה יותר,מרפד:ישיבה,VERB,NOUN
מחלפות הן שיערות אסופות יחד שניתן לגזור באמצעות מספריים,מחלפות:מספריים,NOUN,NOUN
שמלה היא פריט המאוחסן בארון בגדים,ארון בגדים:שמלה,PHRASE,NOUN
פורר פירושו הפך גורם שלם למספר פירורים,פורר:פירור,VERB,NOUN
נפוץ מתאר משהו שהשכיחות שלו רבה,נפוץ:שכיחות,ADJECTIVE,NOUN
מאפייה היא מקום שהפעולה שנעשית בו היא לאפות,לאפות:מאפייה,VERB,NOUN
התגורר פירושו השתמש במשהו שמישהו בנה,התגורר:בנה,VERB,VERB
ללחלח זה להרטיב בקלות,ללחלח:להרטיב,VERB,VERB
אמת מים נועדה כדי להוביל מים,אמת מים:מים,UNDEFINED,NOUN
המשקה נמזג בכוונה ונשפך בטעות,נמזג:נשפך,VERB,VERB
אטלס הינו ספר המאגד ומציג מפות,אטלס:מפות,NOUN,NOUN
לטעום היא פעולה הנעשית לשם בירור טעם ,טעם:לטעום,NOUN,VERB
מסמר שער משמעו מעורר תחושת חלחלה,מסמר שער:חלחלה,PHRASE,NOUN
אדם חמקמק הוא אדם שקשה לתפוס אותו,חמקמק:לתפוס,ADJECTIVE,VERB
חשוך מצרים הוא חושך מוחלט,חושך מצרים:חושך,PHRASE,NOUN
עטוף הוא מישהו שדבר מה אחר אופף אותו,עטוף:אופף,ADJECTIVE,VERB
להלשין פירושו לדווח על משהו בהקשר שלילי,להלשין:לדווח,VERB,VERB
מה שפושה נמצא בתהליך של התפשטות,פושה:התפשטות,NOUN,NOUN
 בעתה היא פחד עז,בעתה:פחד,NOUN,NOUN
ארון בגדים הוא המקום שבו מאחסנים בגד שלא נמצא בשימוש כרגע,ארון בגדים:בגד,PHRASE,NOUN
מתרגם הוא מקצועו של אדם אשר מחליף טקסט משפה אחת לשפה אחרת,מתרגם:שפה,NOUN,NOUN
מי שערבב יצר תערובת,עִרבב:תערובת,UNDEFINED,NOUN
עקבות הן תוצר לוואי של צעידה,עקבות:צעידה,NOUN,NOUN
מכולה היא כלי קיבול גדול בהשוואה למזוודה,מכולה:מזוודה,NOUN,NOUN
דקיק הוא דבר דק מאוד עבה הוא ההפך מדק,דקיק:עבה,ADJECTIVE,ADJECTIVE
אדם לקוני (תמציתי) הוא כזה שאינו נוהג להכביר במילים,לקוני:להכביר מילים,UNDEFINED,PHRASE
אסטרונאוט הוא מי שחי בחללית בתקופת עבודתו,אסטרונאוט:חללית,NOUN,NOUN
.לפרז זה ליצור אזור שאין בו דברים (כלי נשק) כדוגמת תותח,לפרז:תותח,NOUN,NOUN
מי שפרש הפסיק להשתייך,פרש:להשתייך,VERB,VERB
דבר שנעשה בנקל הוא דבר שנעשה ללא קושי,בנקל:קושי,NOUN,NOUN
כיזב הוא מי שאמר שקר,כיזב:שקר,NOUN,NOUN
נחמה פורתא (נחמה כלשהי עידוד-מה) היא ניסיון לפתור מצב של מגינת לב (עוגמת נפש צער עמוק) אך זהו עידוד קלוש ולא מספיק כדי לפתור את המצב,מגינת לב:נחמה פורתא,PHRASE,PHRASE
למחוק פירושו לבצע פעולה אשר מבטלת את מה שנכתב כלומר פעולה הפוכה ללכתוב,לכתוב:למחוק,VERB,VERB
חורף הוא עונה,עונה:חורף,NOUN,NOUN
מי שתיבל הוסיף תבלינים למאכל כלשהו. פפריקה היא סוג של תבלין,תיבל:פפריקה,VERB,NOUN
דבר נפתל הוא דבר שאינו ישר (שיש בו פיתולים),נפתל:ישר,ADJECTIVE,ADJECTIVE
כדי לעשות שימוש באופניים יש לדווש,אופניים:לדווש,NOUN,VERB
עגלון הוא מי שנוהג בעגלה,עגלון:עגלה,NOUN,NOUN
דבר רב-משמעי הוא דבר שניתן לפרש אותו בכמה דרכים,רב-משמעי:לפרש,NOUN,VERB
מזרק וכמוסה הם שני חפצים שונים המשמשים לביצוע אותה הפעולה (הכנסת תרופה לגוף),כמוסה:מזרק,NOUN,NOUN
לדווש זו פעולה שנעשית על הדוושה,לדווש:דוושה,VERB,NOUN
מגדל קלפים הוא כינוי לדבר שאינו יציב,מגדל קלפים:יציב,PHRASE,ADJECTIVE
יידע הוא מי שנתן לאחר מידע וכך הביא לזה שהוא יודע,יִדֵּעַ:יוֹדֵעַ,UNDEFINED,UNDEFINED
מי שקצרה ידו מהושיע לא עזר כי לא הייתה לו היכולת,קצרה ידו מהושיע:עזר,PHRASE,NOUN
את משמש לאותה הפעולה כמו דחפור אם כי האחרון גדול ומשוכלל יותר,את:דחפור,OTHER,NOUN
דבר רם הוא בגובה רב,רם:גובה,ADJECTIVE,NOUN
מגבת הופכת דבר מה להיפך מרטוב,מגבת:רטוב,NOUN,ADJECTIVE
מי שליהק בחר את השחקנים המתאימים,ליהק:שחקנים,VERB,NOUN
מסיק היא פעולת קטיפת הזיתים כדי להכין מהם שמן,למסוק:שמן,UNDEFINED,NOUN
יורה הוא הגשם הראשון ואילו מלקוש הוא הגשם האחרון,יורה:מלקוש,NOUN,NOUN
התפייס הוא מי שרב בעבר והפסיק,התפייס:רב,VERB,VERB
אם מישהו אומר שדבר מה פרח מזיכרונו זה בדיוק כאילו אמר שהוא שכח את הדבר הזה,פרח מזיכרונו:שכח.,PHRASE,UNDEFINED
אימא של אימא היא סבתא,אימא:סבתא,NOUN,NOUN
שזר פירושו אסף דברים לזר,זֵר:שָזַר,UNDEFINED,UNDEFINED
כאשר אדם הלבין פניו של אחר הוא הפך אותו לנכלם,הלבין פניו:נכלם,PHRASE,ADJECTIVE
.מי שארז מזוודה הכניס אליה דברים,מזוודה:ארז,NOUN,VERB
רפת היא מקום עבודתו של הרפתן,רפתן:רפת,NOUN,NOUN
התרוקנות היא איבוד התוכן,התרוקנות:תוכן,NOUN,NOUN
מי שהלשין למעשה דיווח על ביצוע מעשה רע,הלשין:דִּוַּח,VERB,UNDEFINED
בריכת שחייה היא מאגר מים מלאכותי‪ ‬ואילו אגם הוא מאגר מים טבעי‪.‬‬,בריכת שחייה:אגם,UNDEFINED,NOUN
ניתן לאפות לחם שממנו ניתן להכין כריך,לאפות:כריך,VERB,NOUN
מי שמשתוקק למשהו רוצה אותו מאוד,משתוקק:רוצה,VERB,VERB
ניתן לנקד עם חיריק,חיריק:לנקד,NOUN,VERB
בחינת דבר מסוים בשבע עיניים אומרת שבוחנים אותו בתשומת לב רבה,בשבע עיניים:תשומת לב,PHRASE,PHRASE
התעמעם הוא מה שפחתה בו מידת הבהירות,התעמעם:בהירות,VERB,NOUN
דבר מה אינסופי הוא דבר שאין לו גבול,אינסופי:גבול,ADJECTIVE,NOUN
דבר משובש הוא דבר שיש בו טעות,טעות:משובש,NOUN,ADJECTIVE
אהוב הוא מי שמישהו אחר אהב אותו,אהוב:אהב,ADJECTIVE,VERB
מישהי שעמדה מנגד היא מישהי שלא נתנה סיוע,עמדה מנגד:סיוע,UNDEFINED,NOUN
צלח פירושו עבר מגדה אחת לאחרת,צלח:גדה,ADJECTIVE,NOUN
אם דבר מה נשגב מבינתו זה אומר שהוא לא יכול להבין אותו,נשגב מבינתו:להבין,PHRASE,VERB
אורווה היא המבנה שבו מתגורר הסייח צאצא של הסוס,אורווה:סייח,NOUN,NOUN
בהול הוא דחוף מאוד,בהול:דחוף,UNDEFINED,OTHER
מקורו של חומר הגלם המשמש את הנגר הוא היער,נגר:יער,NOUN,NOUN
פזיז פירושו מהיר מדי,מהיר:פזיז,ADJECTIVE,ADJECTIVE
כמות רבה מדי של אור עשויה לגרום לסנוור,אור:סִנווּר,NOUN,UNDEFINED
בצר הוא מי שקטף ענבים שגדלים בכרם,בצר:כרם,UNDEFINED,NOUN
התכתבות היא החלפת מכתבים בין אנשים,התכתבות:מכתב,NOUN,NOUN
חמק הוא מי שמילט את עצמו,חמק:מילט,VERB,VERB
עורך דין מייצג לקוח,עורך דין:לקוח,PHRASE,NOUN
אמיר הוא החלק העליון של העץ,אמיר:עץ,NOUN,NOUN
סגפן הוא מי שמתנזר מהנאה,סגפן:הנאה,ADJECTIVE,UNDEFINED
ניצן מתפתח והופך לפרח,ניצן:פרח,NOUN,NOUN
לכונן זה לגרום למשהו להיווסד,לכונן:נוסד,VERB,UNDEFINED
אכיפת החוק היא פעולה שתפקידה למנוע עבריינות,אכיפת החוק:עבריינות,UNDEFINED,NOUN
אם אדם א' מעוניין להתנצל בפני אדם ב' אזי הוא מקווה למחילה,מחילה:להתנצל,NOUN,VERB
מבחינת סדר הימים שבת הוא יום מספר שבע,שבת:שֶׁבע,VERB,UNDEFINED
דבר שנשגב מבינתי הוא דבר שאין ביכולתי להבין,נשגב מבינתי:להבין,PHRASE,VERB
מי שמתאפיין במורך לב לא נוטה להעז,להעז:מורך לב,VERB,PHRASE
עלווה היא שם כולל לכלל העלה המכסים צמח מסויים למשל עץ,עלווה:עלה,NOUN,NOUN
.קל להבחין בדבר מה שמתנוסס,מתנוסס:להבחין,OTHER,VERB
להזמין היא פעולה שמטרתה לגרום לאחר להיות בא. לחילופין בא הוא מי שנעתר למי שפעולתו הייתה להזמין,להזמין:בא,VERB,VERB
דבר בלתי נסלח הוא דבר שלא ניתן למחול עליו,למחול:בלתי נסלח,VERB,PHRASE
